PRODUCT_FAMILY,SKU
Omniflex Collar,1022
Anato,4845-7
Insignia,7000-5
Insignia,7000-6
Standards,6020
Citation,6265-5
Shorts,6265-5
Acc2,6721
Acc2,6720
Cone Bodies,6276-1
Plasma Distal Stem - 127mm -Straight,6276-5
Plasma Distal Stem - 167mm - Straight,6276-5
Plasma Distal Stem - Bowed,6276-5
Conical Distal Stem - 155mm,6276-7
Conical Distal Stem - 195mm,6276-7
Conical Bowed Stem - 195mm,6276-7
Conical Bowed Stem - 235mm,6276-7
Calcar Body,6276-4
Proximal Cone Body Trial,6278-1
Calcar Body trials,6278-C
Conical Distal Stem  115mm,6276-7-4
Trials - 115mm,6278-8-4
Cones,5549-A
TRITANIUM PATELLA-ASYMMETRIC,5552-L
TRITANIUM PATELLA-SYMMETRIC,5556-L
Shoulder Base Plate,5572
SCORPIO CLASSIQ,25-10
SCORPIO PRIMARY,3052
HOWMEDICA  BONE PLUG,6215-5
SCORPIO PRIMARY,72-15
SCORPIO PRIMARY,72-16
SCORPIO TS,72-4
SCORPIO PRIMARY,7291
SCORPIO PRIMARY,73-3
SCORPIO PRIMARY,7493
SCORPIO PRIMARY,78-3
SCORPIO PRIMARY,78-5
SCORPIO NRG,82-2
SCORPIO NRG,82-3
Tibials,2642-1
Tibials,2642-3
Tibials,2642-5
Tibials,2642-6
Tibials,6637-0
Tibials,6637-4
Standards,6642-1
Duracon Patella,6642-2
Duracon Metals,6642-5
Tibials,6642-9
Tibials,6728-1
Tibials,6728-2
Tibials,6728-4
Duracon Metals,6742-1
Ball Heads,17E
Thimbles,1034
Ball Heads,2047E
Ceramics Metals,625-0T
Ball Heads,6565
Ball Heads,18
Ball Heads,6570-0
Ball Heads,6519-1
Thimbles,19-0
Thimbles,6519-T
Centralizers,6259-8
Trident II 2D,702-11
Trident II 2D,742-11
Trident II 3D,702-04
Trident II 3D,700-04
Trident II 3D,709-04
Trident II 2D,7060
TRIDENT,542-11
TRIDENT,540-11
TRIDENT,508-11
TRIDENT,502-11
TRIDENT,500-11
DALL MILES,3704-0
DALL MILES,6704-0
DALL MILES,3704-1
DALL MILES,6704-4
DALL MILES,3704-8
DALL MILES,6704-8
DALL MILES,6704-8-MC
DALL MILES,3704-3
DALL MILES,6704-0-GC
DALL MILES,6704-5
DALL MILES,6704-6
DALL MILES,6704-7
DALL MILES,6290-7
DALL MILES,5260-5
DALL MILES,5585-C
ACETABULAR HEADS - METAL,6280
ACETABULAR HEADS - METAL,6260
ACETABULAR HEADS - METAL,6260-5
ACETABULAR HEADS - METAL,6260-9
Unitrax,6942-6
Unitrax,6942-7
ACETABULAR HEADS - METAL,2284
MDM,626-00
MDM,3200
CROSSFIRE PE TRIDENT,621-00
CROSSFIRE PE TRIDENT,621-10
CROSSFIRE PE ,2041C
PCA,6299-7
TRIDENT X3,623-00
TRIDENT X3,623-10
ADM,1236-2
RESTORATION ADM,7236-2
X3 ,723-00
X3 ,723-10
Spine PL1,PL1
Spine PL2,PL2
Spine PL3,PL3
Spine Tri C,4898
Spine TL,4893
Spine AL,4801
